generations;average_fitness;best_fitness;time
0;39;19;11.078532695770264
1;36;19;21.516267776489258
2;34;15;32.09698176383972
3;32;13;42.63379430770874
4;30;13;53.66676950454712
5;28;13;64.67123985290527
6;26;12;79.37206530570984
7;24;5;90.79620504379272
8;23;5;103.53678894042969
9;21;5;114.99397993087769
10;19;3;126.37611699104309
11;17;3;138.39682698249817
12;15;2;149.3451554775238
13;13;0;159.98210740089417
