generations;average_fitness;best_fitness;time
0;38;16;10.834378957748413
1;36;16;18.36546301841736
2;34;16;27.583106756210327
3;32;15;36.89938306808472
4;30;12;46.263877868652344
5;28;12;54.23586893081665
6;26;10;63.49335694313049
7;25;10;72.84150099754333
8;23;8;82.26008987426758
9;21;6;90.22600984573364
10;19;5;99.63098907470703
11;17;4;109.068110704422
12;16;2;118.54307889938354
13;14;0;126.49355292320251
