generations;average_fitness;best_fitness;time
0;39;21;7.354270935058594
1;36;19;14.226104021072388
2;34;15;21.327815294265747
3;32;15;28.47881817817688
4;30;12;35.75343894958496
5;28;12;42.99941921234131
6;26;12;50.33638310432434
7;25;7;57.6640191078186
8;23;7;65.11997509002686
9;21;7;72.50576615333557
10;19;4;79.93264198303223
11;18;4;87.38162922859192
12;16;0;94.88111901283264
