generations;average_fitness;best_fitness;time
0;39;19;10.256641149520874
1;36;17;17.43657398223877
2;34;17;26.168939113616943
3;32;16;34.76125979423523
4;30;12;43.5117928981781
5;28;11;52.231486082077026
6;26;10;60.99205684661865
7;24;10;68.63447093963623
8;23;8;77.14034700393677
9;21;6;85.82639193534851
10;19;6;94.54001998901367
11;17;4;103.33501601219177
12;15;2;112.16127800941467
13;14;0;121.02952408790588
