generations;average_fitness;best_fitness;time
0;38;18;10.3107430934906
1;36;18;19.129091024398804
2;34;17;27.21544909477234
3;32;17;36.289491176605225
4;30;16;45.51925015449524
5;28;11;54.68474221229553
6;26;10;64.09399223327637
7;25;10;73.54510307312012
8;23;7;83.82726287841797
9;21;6;91.95404529571533
10;19;3;101.34812116622925
11;17;3;110.57950115203857
12;15;3;119.69412612915039
13;13;2;128.89403104782104
14;11;0;138.32824230194092
