generations;average_fitness;best_fitness;time
0;38;21;10.39370083808899
1;36;15;17.644816875457764
2;34;15;26.3737690448761
3;32;15;35.083043813705444
4;30;11;44.01825284957886
5;28;9;51.599058866500854
6;26;9;60.33137488365173
7;25;9;69.20607590675354
8;23;9;78.14050197601318
9;21;6;85.81170582771301
10;19;5;94.40254497528076
11;17;5;103.28053188323975
12;16;2;112.05804705619812
13;14;2;119.718416929245
14;12;0;128.53100180625916
