generations;average_fitness;best_fitness;time
0;38;18;9.829304933547974
1;36;18;17.352799892425537
2;34;18;26.448375940322876
3;32;17;35.61802792549133
4;30;13;44.8550341129303
5;28;13;52.75900602340698
6;26;11;61.922868967056274
7;25;8;71.15405416488647
8;23;8;80.46544408798218
9;21;6;88.39632201194763
10;19;6;97.6090919971466
11;18;3;106.89896297454834
12;16;2;116.25416898727417
13;14;0;124.16567301750183
