generations;average_fitness;best_fitness;time
0;38;19;9.972038745880127
1;36;18;17.605008840560913
2;34;18;26.762924909591675
3;32;16;36.074652910232544
4;30;15;45.35947108268738
5;28;11;53.332834005355835
6;26;11;62.63061714172363
7;25;10;72.01645803451538
8;23;7;81.48130393028259
9;21;7;89.4996509552002
10;19;6;98.8581690788269
11;17;3;108.25618696212769
12;16;3;117.68789911270142
13;14;0;125.50681686401367
