generations;average_fitness;best_fitness;time
0;39;21;10.918015956878662
1;36;20;18.5212299823761
2;34;17;27.760097980499268
3;32;9;37.02711224555969
4;30;9;46.46225619316101
5;28;9;54.326956033706665
6;27;7;63.62882614135742
7;25;7;73.00767779350281
8;23;6;82.4779760837555
9;21;4;90.49488091468811
10;19;3;99.8882851600647
11;17;3;109.32122206687927
12;15;0;118.79606509208679
