generations;average_fitness;best_fitness;time
0;39;20;10.406535863876343
1;36;20;17.988765001296997
2;34;17;27.262507915496826
3;32;16;36.56275796890259
4;30;15;45.83038687705994
5;28;14;53.83043193817139
6;26;12;63.153619050979614
7;25;11;72.55952310562134
8;23;7;81.9820511341095
9;21;5;90.00200605392456
10;19;3;99.37476086616516
11;17;3;108.63755011558533
12;15;0;118.13265204429626
