generations;average_fitness;best_fitness;time
0;39;19;10.921324014663696
1;36;19;18.475276231765747
2;34;16;27.75629186630249
3;32;12;37.11095690727234
4;30;12;46.50234913825989
5;28;12;54.498095989227295
6;27;10;63.85213804244995
7;25;8;73.254469871521
8;23;8;82.58291792869568
9;21;3;90.60523915290833
10;19;3;99.98275899887085
11;17;2;109.42358613014221
12;15;2;118.92816114425659
13;13;2;126.91969704627991
14;11;0;136.30425190925598
