generations;average_fitness;best_fitness;time
0;38;20;10.90225100517273
1;36;17;18.479953050613403
2;34;16;27.75476908683777
3;32;16;37.08247208595276
4;30;16;46.49089813232422
5;28;13;54.357889890670776
6;27;12;63.709075927734375
7;25;12;73.11145901679993
8;23;8;82.59248089790344
9;21;6;90.5802412033081
10;19;5;99.86532306671143
11;18;0;109.25593209266663
