generations;average_fitness;best_fitness;time
0;38;22;10.83426284790039
1;36;20;18.404391765594482
2;34;12;27.506561994552612
3;32;12;36.77687382698059
4;30;12;46.15819001197815
5;28;10;54.157142877578735
6;26;9;63.44434475898743
7;24;8;72.80448198318481
8;22;5;82.22853088378906
9;20;5;90.23433184623718
10;18;5;99.56708765029907
11;16;0;108.93223786354065
