generations;average_fitness;best_fitness;time
0;47;31;5.742522954940796
1;37;24;10.259315013885498
2;30;16;738.3901410102844
3;24;12;743.4596979618073
4;18;6;748.5473339557648
5;13;5;753.0820188522339
6;10;2;758.1538190841675
7;7;0;763.2692079544067
