generations;average_fitness;best_fitness;time
0;15;5;5.92038893699646
1;14;5;10.437329530715942
2;13;4;15.584336280822754
3;11;0;20.51658868789673
