generations;average_fitness;best_fitness;time
0;23;12;13.390272617340088
1;21;11;25.922344207763672
2;20;10;37.50181460380554
3;19;8;42.51584243774414
4;18;8;47.771966218948364
5;17;8;52.82237887382507
6;17;8;58.23016953468323
7;16;5;63.49987244606018
8;15;4;68.93626761436462
9;14;4;74.51997780799866
10;13;3;80.09733843803406
11;13;2;85.49801969528198
12;12;2;90.96048760414124
13;11;0;96.656986951828
