generations;average_fitness;best_fitness;time
0;18;8;5.711965799331665
1;17;8;10.552186489105225
2;16;4;17.937719106674194
3;15;4;26.456279039382935
4;14;4;32.31467342376709
5;13;3;37.897711515426636
6;12;3;50.68787479400635
7;11;0;62.39752960205078
