generations;average_fitness;best_fitness;time
0;15;5;6.466338157653809
1;14;4;12.1574387550354
2;13;3;18.317513704299927
3;11;2;23.875340938568115
4;10;2;29.79037618637085
5;9;0;35.32856631278992
