generations;average_fitness;best_fitness;time
0;23;10;6.37170934677124
1;21;10;11.818056344985962
2;20;10;17.50353741645813
3;19;7;23.27037763595581
4;18;7;28.942585229873657
5;17;5;34.65183901786804
6;16;5;40.48614168167114
7;16;5;46.22017288208008
8;15;2;51.930362939834595
9;14;2;57.93350553512573
10;13;2;63.82310199737549
11;12;2;69.53291535377502
12;11;0;75.45468592643738
