generations;average_fitness;best_fitness;time
0;18;9;6.5327911376953125
1;17;7;12.03664231300354
2;16;7;17.72391629219055
3;15;7;23.431454181671143
4;14;2;29.217296600341797
5;13;2;34.818788051605225
6;13;2;40.56719946861267
7;12;2;46.117109298706055
8;11;2;51.901429414749146
9;10;2;57.573570728302
10;10;0;63.111552000045776
