generations;average_fitness;best_fitness;time
0;15;5;6.267479181289673
1;14;2;11.776598930358887
2;12;2;17.58946657180786
3;11;2;23.405308723449707
4;10;0;29.153563022613525
