generations;average_fitness;best_fitness;time
0;18;7;6.45509672164917
1;17;7;11.897084474563599
2;16;6;17.788652658462524
3;15;5;23.474745988845825
4;14;5;29.19922423362732
5;13;3;34.84585785865784
6;12;3;40.70446538925171
7;12;0;46.422274589538574
