generations;average_fitness;best_fitness;time
0;15;4;6.423972845077515
1;14;3;12.243847846984863
2;12;3;27.01615262031555
3;11;0;37.27732276916504
