generations;average_fitness;best_fitness;time
0;23;11;6.267966032028198
1;21;11;11.565997838973999
2;20;10;17.61918878555298
3;19;9;23.233694076538086
4;18;9;29.139774322509766
5;17;8;34.81079912185669
6;17;6;40.86040711402893
7;16;5;46.5251088142395
8;15;4;52.282761573791504
9;14;4;58.05885434150696
10;14;4;64.52222061157227
11;13;3;70.27935457229614
12;12;3;76.1657931804657
13;11;2;81.95199418067932
14;11;2;88.01941132545471
15;9;2;93.81847834587097
16;8;0;99.52935075759888
