generations;average_fitness;best_fitness;time
0;18;7;6.675637483596802
1;17;7;12.1432044506073
2;16;7;18.381454944610596
3;15;5;24.00704526901245
4;14;5;29.689298629760742
5;13;5;35.099873304367065
6;13;2;40.746246576309204
7;12;2;46.385419845581055
8;11;2;52.1089403629303
9;11;2;57.66133975982666
10;10;0;63.273014307022095
