generations;average_fitness;best_fitness;time
0;15;4;6.225491523742676
1;14;4;11.514585494995117
2;12;4;17.12302327156067
3;11;2;22.823650598526
4;10;0;28.630515813827515
