generations;average_fitness;best_fitness;time
0;23;13;5.963919401168823
1;21;11;11.123405456542969
2;20;10;16.60230803489685
3;19;9;21.850646018981934
4;18;9;27.335063934326172
5;17;7;32.646559715270996
6;17;6;38.24062728881836
7;16;6;43.72926998138428
8;15;6;49.33636832237244
9;15;5;54.799602031707764
10;14;5;60.311553955078125
11;13;2;65.63093519210815
12;13;2;71.16560125350952
13;12;2;76.46981954574585
14;11;2;81.97385954856873
15;10;0;87.42219042778015
