generations;average_fitness;best_fitness;time
0;18;7;6.198607683181763
1;17;7;11.514893770217896
2;16;7;17.395164966583252
3;15;6;22.790478229522705
4;14;4;28.44731593132019
5;13;4;34.25663924217224
6;12;4;45.597092628479004
7;12;4;52.06316065788269
8;11;3;57.56293296813965
9;10;0;63.11250877380371
