generations;average_fitness;best_fitness;time
0;15;4;6.11846661567688
1;14;4;11.577689409255981
2;13;3;17.363749980926514
3;11;2;22.9178466796875
4;10;2;28.519978046417236
5;9;0;34.215816497802734
