generations;average_fitness;best_fitness;time
0;23;10;6.088859558105469
1;21;10;11.268281936645508
2;20;10;16.92479133605957
3;19;10;22.40292453765869
4;18;8;28.063950300216675
5;17;8;33.43777132034302
6;17;5;38.99639010429382
7;16;5;44.766438484191895
8;15;5;50.49391579627991
9;15;3;56.14767599105835
10;14;3;61.92785429954529
11;13;3;67.88242411613464
12;13;3;73.69051837921143
13;12;2;79.4841194152832
14;11;2;85.41626501083374
15;10;0;90.93000793457031
