generations;average_fitness;best_fitness;time
0;18;7;6.3205015659332275
1;17;7;11.894687414169312
2;16;6;17.727304935455322
3;15;5;23.38313627243042
4;14;5;29.296778202056885
5;13;2;34.871354818344116
6;12;2;40.47968101501465
7;12;2;45.95889496803284
8;11;2;51.750550270080566
9;10;2;57.428455114364624
10;9;0;63.07281231880188
