generations;average_fitness;best_fitness;time
0;15;4;6.380544185638428
1;14;2;11.784753799438477
2;12;2;17.4958176612854
3;11;2;23.190881729125977
4;10;0;28.967387914657593
