generations;average_fitness;best_fitness;time
0;23;12;6.084257125854492
1;21;12;11.310092687606812
2;20;10;16.89092445373535
3;19;9;22.227149724960327
4;18;8;27.779654502868652
5;18;8;33.26684880256653
6;17;8;38.967801570892334
7;16;7;44.35563826560974
8;15;6;50.04356050491333
9;15;5;55.72769856452942
10;14;5;61.658379793167114
11;13;3;67.40331077575684
12;12;0;73.60102224349976
