generations;average_fitness;best_fitness;time
0;18;6;6.385356187820435
1;17;6;11.78675651550293
2;16;6;17.508601188659668
3;15;6;23.042972326278687
4;14;6;28.766453504562378
5;13;5;34.60602164268494
6;12;5;41.081336975097656
7;12;3;46.64069628715515
8;11;2;52.14872169494629
9;11;2;57.620076179504395
10;10;2;63.225178956985474
11;9;2;68.6917085647583
12;8;0;74.351642370224
