generations;average_fitness;best_fitness;time
0;15;4;6.319088935852051
1;14;3;11.6592538356781
2;12;2;17.342318058013916
3;11;2;22.876689910888672
4;10;0;28.656731843948364
