generations;average_fitness;best_fitness;time
0;23;9;6.186352729797363
1;21;9;11.495524168014526
2;20;8;17.165401458740234
3;19;8;22.571316480636597
4;18;7;28.27277946472168
5;17;6;33.963669300079346
6;16;5;39.712315797805786
7;15;3;45.28408241271973
8;15;3;50.91264009475708
9;14;2;56.49374294281006
10;13;2;62.29444766044617
11;12;2;67.8173565864563
12;11;2;73.4818606376648
13;10;0;79.00262594223022
