generations;average_fitness;best_fitness;time
0;18;4;6.489375352859497
1;17;4;11.910202026367188
2;16;4;17.667122840881348
3;15;4;23.19951891899109
4;14;4;28.94360899925232
5;13;4;34.507495403289795
6;13;4;40.27089858055115
7;12;2;45.95740032196045
8;11;2;51.752063512802124
9;10;0;57.37006974220276
