generations;average_fitness;best_fitness;time
0;15;5;6.404425382614136
1;14;5;11.783703804016113
2;12;4;17.656781435012817
3;11;3;23.40372347831726
4;10;0;29.182564973831177
