generations;average_fitness;best_fitness;time
0;23;10;6.198591947555542
1;21;10;11.969950437545776
2;20;10;17.785807132720947
3;19;10;23.41841220855713
4;18;9;29.292337894439697
5;17;6;34.82524919509888
6;17;5;40.755603551864624
7;16;5;46.50357913970947
8;15;5;52.33217263221741
9;15;2;57.88298177719116
10;14;2;63.70591187477112
11;13;2;69.30426049232483
12;13;2;75.20823621749878
13;12;2;81.13280034065247
14;11;0;86.93316626548767
