generations;average_fitness;best_fitness;time
0;18;9;6.33438515663147
1;17;8;11.772969007492065
2;16;6;17.4787437915802
3;15;4;23.056925296783447
4;14;2;28.870327949523926
5;13;2;34.372926473617554
6;12;2;40.13104724884033
7;11;2;45.77091431617737
8;11;2;51.503589153289795
9;9;0;57.38581871986389
