generations;average_fitness;best_fitness;time
0;15;5;6.496068716049194
1;14;3;11.87482738494873
2;12;2;17.808735370635986
3;11;2;23.718360662460327
4;10;0;29.672765493392944
