generations;average_fitness;best_fitness;time
0;23;11;6.3785154819488525
1;21;11;11.933712482452393
2;20;9;17.654102563858032
3;19;7;23.124774932861328
4;18;7;28.824774980545044
5;17;6;34.28141951560974
6;16;6;40.119386196136475
7;16;6;45.887588024139404
8;15;6;51.798349380493164
9;14;4;57.75149321556091
10;13;4;63.39127516746521
11;13;4;68.83378911018372
12;12;2;74.69665741920471
13;11;2;80.34526944160461
14;10;0;86.23931550979614
