generations;average_fitness;best_fitness;time
0;18;8;6.248430490493774
1;17;8;11.708946228027344
2;16;5;17.603644609451294
3;15;5;23.147453546524048
4;14;4;28.90856170654297
5;13;4;34.410635471343994
6;12;3;40.15101218223572
7;12;3;45.9165620803833
8;11;3;51.732847929000854
9;10;2;57.57548952102661
10;10;0;63.46372580528259
