generations;average_fitness;best_fitness;time
0;15;5;6.374359130859375
1;14;3;11.797060251235962
2;12;3;17.72617793083191
3;11;3;23.548124313354492
4;10;0;29.430668592453003
