generations;average_fitness;best_fitness;time
0;23;12;6.348206996917725
1;21;8;11.49992847442627
2;20;8;17.064935445785522
3;19;8;22.745040893554688
4;18;7;28.536317110061646
5;17;5;34.25316905975342
6;16;5;40.34604001045227
7;16;5;46.32213592529297
8;15;5;52.28202748298645
9;14;4;57.87058067321777
10;14;3;63.910399198532104
11;13;3;69.52027010917664
12;12;3;75.54100799560547
13;11;2;81.2173638343811
14;10;0;86.88940691947937
