generations;average_fitness;best_fitness;time
0;18;8;6.201493263244629
1;17;8;11.64079761505127
2;16;4;21.76165771484375
3;15;4;30.913480043411255
4;14;4;36.52337074279785
5;13;4;41.8385546207428
6;12;4;47.580748319625854
7;12;2;53.33803987503052
8;11;2;59.2204270362854
9;10;2;69.09268379211426
10;9;0;74.95167994499207
