generations;average_fitness;best_fitness;time
0;15;5;5.977312803268433
1;14;4;11.059203386306763
2;12;2;16.374207019805908
3;11;2;21.66447949409485
4;10;0;27.48600435256958
