generations;average_fitness;best_fitness;time
0;23;12;14.599951267242432
1;21;11;27.937297344207764
2;20;10;42.39532804489136
3;19;9;55.938149213790894
4;18;9;70.35657906532288
5;17;9;84.12258768081665
6;17;8;98.8220043182373
7;16;5;112.40577459335327
8;15;5;126.84265947341919
9;15;5;140.76023364067078
10;14;5;155.15363669395447
11;13;2;168.88668942451477
12;13;2;183.82705163955688
13;12;2;197.7664144039154
14;11;2;212.30037093162537
15;10;0;226.05067586898804
