generations;average_fitness;best_fitness;time
0;18;7;11.86028528213501
1;17;7;24.903510332107544
2;16;6;38.962913513183594
3;15;6;52.13948464393616
4;14;4;66.42102336883545
5;13;4;80.02004742622375
6;12;4;94.39095854759216
7;12;4;107.6810131072998
8;11;2;121.80846071243286
9;10;2;135.29107928276062
10;9;2;149.420095205307
11;8;2;162.54950499534607
12;7;0;176.4077181816101
