generations;average_fitness;best_fitness;time
0;15;5;4.346811294555664
1;14;3;8.373412847518921
2;12;2;12.806632280349731
3;11;2;17.056642055511475
4;10;0;21.501462697982788
