generations;average_fitness;best_fitness;time
0;18;8;5.267733097076416
1;17;7;9.536380529403687
2;16;7;14.560051202774048
3;15;6;18.862149000167847
4;14;6;23.96197247505188
5;13;4;28.278982877731323
6;12;4;33.40597224235535
7;12;3;37.80498456954956
8;11;3;43.0688841342926
9;11;3;47.5331506729126
10;10;2;52.78425478935242
11;9;2;57.42441129684448
12;9;0;62.66843223571777
