generations;average_fitness;best_fitness;time
0;15;3;5.723046541213989
1;14;3;10.643398761749268
2;12;2;16.72255301475525
3;11;0;22.03375220298767
