generations;average_fitness;best_fitness;time
0;23;11;6.241491794586182
1;21;10;11.342671394348145
2;20;10;17.433377742767334
3;19;10;22.641128540039062
4;18;6;28.828590154647827
5;17;6;34.05975794792175
6;17;6;40.17864632606506
7;16;6;45.4247944355011
8;15;2;51.665300607681274
9;15;2;56.98771929740906
10;14;2;63.27325463294983
11;13;2;68.53066778182983
12;12;2;74.89217019081116
13;11;2;80.0750150680542
14;10;0;86.25841498374939
