generations;average_fitness;best_fitness;time
0;18;8;6.633946895599365
1;17;7;11.682901859283447
2;16;7;17.929213285446167
3;15;4;23.394211530685425
4;14;4;29.505857944488525
5;13;4;34.57986927032471
6;12;4;40.52914047241211
7;12;3;45.65112781524658
8;11;2;51.88918900489807
9;10;0;57.1402804851532
