generations;average_fitness;best_fitness;time
0;15;2;5.710960626602173
1;14;2;10.741881608963013
2;12;0;16.89656686782837
