generations;average_fitness;best_fitness;time
0;23;8;6.189040660858154
1;21;8;11.212515354156494
2;20;8;17.269184589385986
3;19;8;22.35002851486206
4;18;8;28.3419508934021
5;17;5;33.64251971244812
6;17;5;39.74352478981018
7;16;5;45.066429138183594
8;15;5;51.27492427825928
9;15;5;56.49280118942261
10;14;4;62.76676034927368
11;13;3;68.02477598190308
12;13;2;74.26905107498169
13;12;2;79.76884317398071
14;11;0;86.22704911231995
