generations;average_fitness;best_fitness;time
0;18;7;5.495706558227539
1;17;7;10.328607559204102
2;16;7;16.266643047332764
3;15;7;21.266772508621216
4;14;5;27.16764235496521
5;13;3;32.32503342628479
6;12;3;38.34366178512573
7;12;2;43.525365352630615
8;11;2;49.61412167549133
9;10;0;54.73134136199951
