generations;average_fitness;best_fitness;time
0;15;6;5.6948912143707275
1;14;5;10.798030138015747
2;12;4;16.993123531341553
3;11;3;22.39301300048828
4;10;2;28.58430242538452
5;9;0;33.82135486602783
