generations;average_fitness;best_fitness;time
0;23;11;5.5874528884887695
1;21;11;10.468324184417725
2;20;11;16.65532946586609
3;19;8;22.189817190170288
4;18;8;38.613884687423706
5;17;8;53.02782893180847
6;17;7;69.18699240684509
7;16;7;83.87199711799622
8;15;5;101.30014824867249
9;15;4;116.03317618370056
10;14;4;132.4872589111328
11;13;3;144.7310028076172
12;12;2;150.99494290351868
13;11;2;156.22208189964294
14;11;0;162.51153993606567
