generations;average_fitness;best_fitness;time
0;18;9;6.1067728996276855
1;17;7;11.147638320922852
2;16;7;17.196433067321777
3;15;5;22.34946870803833
4;14;5;28.451730489730835
5;13;5;33.66445183753967
6;13;2;39.90030288696289
7;12;2;45.14523768424988
8;11;0;51.536458015441895
