generations;average_fitness;best_fitness;time
0;15;5;6.004476070404053
1;14;4;11.13627314567566
2;12;2;17.763184309005737
3;11;2;22.913280963897705
4;10;2;29.05601143836975
5;9;0;34.20900225639343
