generations;average_fitness;best_fitness;time
0;18;9;6.2724034786224365
1;17;7;11.26894497871399
2;16;6;17.5693519115448
3;15;6;23.042909860610962
4;14;5;29.385491847991943
5;13;3;34.71922206878662
6;13;3;41.16055870056152
7;12;2;46.75020623207092
8;11;2;53.17215895652771
9;10;2;58.700721979141235
10;10;0;65.15853571891785
