generations;average_fitness;best_fitness;time
0;15;3;6.217818021774292
1;14;3;11.274582862854004
2;12;3;17.46047616004944
3;11;3;22.77994394302368
4;10;2;28.915720462799072
5;9;0;34.085753440856934
