generations;average_fitness;best_fitness;time
0;23;10;5.541547536849976
1;21;10;10.54954481124878
2;20;9;16.60555124282837
3;19;9;21.763062000274658
4;18;9;27.95533299446106
5;17;3;33.16655468940735
6;16;3;39.34707498550415
7;16;3;44.68852257728577
8;15;3;50.955796241760254
9;14;2;56.13308310508728
10;13;2;62.486732482910156
11;12;2;67.68906736373901
12;11;2;73.98773622512817
13;10;0;79.21079587936401
