generations;average_fitness;best_fitness;time
0;18;7;6.061081647872925
1;17;7;11.06346607208252
2;16;5;17.14221739768982
3;15;5;22.219618320465088
4;14;5;28.282535791397095
5;13;4;33.43753671646118
6;13;4;39.52281045913696
7;12;3;44.85195589065552
8;11;2;50.97337985038757
9;10;2;56.21882510185242
10;9;0;62.338078022003174
