generations;average_fitness;best_fitness;time
0;15;5;6.227742910385132
1;14;3;11.190131664276123
2;12;3;17.407772541046143
3;11;2;22.54412603378296
4;10;2;28.793806791305542
5;9;0;33.91089606285095
