generations;average_fitness;best_fitness;time
0;23;11;5.705071687698364
1;21;11;10.71304988861084
2;20;11;16.82158637046814
3;19;10;22.006030082702637
4;18;9;28.215784072875977
5;17;7;33.39979553222656
6;17;5;39.511476278305054
7;16;5;44.860068559646606
8;15;4;51.037360429763794
9;14;4;56.33384370803833
10;14;4;62.643372535705566
11;13;3;67.9093291759491
12;12;0;74.20715045928955
