generations;average_fitness;best_fitness;time
0;18;8;6.460315227508545
1;17;8;12.100816011428833
2;16;7;18.792235374450684
3;15;5;24.30764603614807
4;14;5;30.824459314346313
5;13;5;36.138864040374756
6;12;4;42.330312728881836
7;12;4;47.62689161300659
8;11;3;53.7964563369751
9;11;2;59.134164810180664
10;10;0;65.38275384902954
