generations;average_fitness;best_fitness;time
0;15;3;5.6655731201171875
1;14;3;10.715051412582397
2;12;3;16.833401918411255
3;11;0;22.050520658493042
