generations;average_fitness;best_fitness;time
0;23;12;6.646728515625
1;21;12;12.061873197555542
2;20;10;18.69166922569275
3;19;10;23.99921727180481
4;18;9;30.451385498046875
5;17;8;36.098873138427734
6;17;8;42.50015592575073
7;16;6;47.96700882911682
8;15;6;54.27357721328735
9;14;6;59.780675649642944
10;14;3;66.3519012928009
11;13;2;71.89050054550171
12;12;2;79.04686093330383
13;11;2;85.89706420898438
14;10;0;93.79051876068115
