generations;average_fitness;best_fitness;time
0;18;7;6.163933277130127
1;17;7;11.181269407272339
2;16;6;17.23434591293335
3;15;6;22.477880239486694
4;14;5;29.19357705116272
5;13;3;34.477840423583984
6;13;3;41.01319670677185
7;12;3;46.526224851608276
8;11;3;52.81274914741516
9;11;3;58.12597918510437
10;10;2;64.35585284233093
11;9;0;70.03267049789429
