generations;average_fitness;best_fitness;time
0;15;5;6.468322038650513
1;14;4;12.161471366882324
2;12;2;19.02526545524597
3;11;2;24.534419536590576
4;10;0;31.282654523849487
