generations;average_fitness;best_fitness;time
0;18;8;5.938731670379639
1;17;5;10.968520879745483
2;16;5;17.6182804107666
3;15;5;22.938169479370117
4;14;5;29.294546604156494
5;13;3;34.44669556617737
6;13;3;40.721635818481445
7;12;3;45.996397972106934
8;11;2;52.44722318649292
9;10;2;57.9612455368042
10;9;0;64.47415065765381
