generations;average_fitness;best_fitness;time
0;15;5;5.915711402893066
1;14;5;11.089232444763184
2;12;2;17.25773859024048
3;11;2;22.50797963142395
4;10;2;28.57325506210327
5;8;0;33.68802523612976
