generations;average_fitness;best_fitness;time
0;23;11;6.4489240646362305
1;21;8;11.500878810882568
2;20;8;17.544934034347534
3;19;8;22.70444107055664
4;18;7;29.034661531448364
5;17;6;34.26665449142456
6;16;6;40.487210750579834
7;16;6;45.813210010528564
8;15;5;52.100971698760986
9;14;2;57.67887306213379
10;13;2;64.09215927124023
11;12;2;69.37744569778442
12;11;0;75.76119685173035
