generations;average_fitness;best_fitness;time
0;18;7;6.486532688140869
1;17;7;11.597787857055664
2;16;7;17.61407470703125
3;15;7;22.698861122131348
4;14;4;29.00306487083435
5;13;2;34.39262580871582
6;13;2;40.77411079406738
7;12;2;46.171255350112915
8;11;2;52.33064603805542
9;11;0;57.9192111492157
