generations;average_fitness;best_fitness;time
0;15;5;14.923490285873413
1;14;5;28.64224147796631
2;12;3;43.27182698249817
3;11;3;57.474003076553345
4;10;0;72.02845859527588
