generations;average_fitness;best_fitness;time
0;23;13;14.408473491668701
1;21;11;27.940521717071533
2;20;11;42.34551405906677
3;19;11;56.01696276664734
4;18;10;70.8326187133789
5;18;8;84.95917892456055
6;17;8;93.65283942222595
7;16;6;99.43575024604797
8;16;5;105.53577184677124
9;15;5;111.23769021034241
10;14;5;117.05876111984253
11;13;2;122.87522292137146
12;13;2;128.6021852493286
13;12;2;134.12328958511353
14;11;2;140.21060824394226
15;10;0;145.88490390777588
