generations;average_fitness;best_fitness;time
0;18;6;14.70944333076477
1;17;6;28.26356792449951
2;16;6;42.976502656936646
3;15;6;56.73169159889221
4;14;3;71.4339325428009
5;13;3;85.33697080612183
6;12;3;99.97902464866638
7;11;2;113.78226923942566
8;11;2;128.50524830818176
9;10;2;142.3053753376007
10;9;0;156.814688205719
