generations;average_fitness;best_fitness;time
0;15;4;5.687015771865845
1;14;4;10.699466943740845
2;12;2;16.960766077041626
3;11;0;22.2970130443573
