generations;average_fitness;best_fitness;time
0;23;10;6.230674505233765
1;21;10;11.336299180984497
2;20;10;17.491401195526123
3;19;10;22.700287580490112
4;18;7;28.901467084884644
5;17;7;34.20612907409668
6;17;7;40.40654397010803
7;16;6;45.681725025177
8;15;5;51.94279408454895
9;14;4;57.24719858169556
10;14;4;64.08688688278198
11;13;3;69.45190024375916
12;12;3;75.70425820350647
13;11;2;81.01687359809875
14;10;0;87.31654047966003
