generations;average_fitness;best_fitness;time
0;18;8;6.310550689697266
1;17;8;11.33377742767334
2;16;6;17.475242853164673
3;15;6;22.69893217086792
4;14;5;28.944430828094482
5;13;5;34.135974645614624
6;13;2;40.49935245513916
7;12;2;45.95561623573303
8;11;2;52.309152126312256
9;11;2;57.62979316711426
10;10;2;64.03987741470337
11;9;0;69.59913229942322
