generations;average_fitness;best_fitness;time
0;15;3;8.035917282104492
1;14;3;15.19321060180664
2;12;3;24.04167866706848
3;11;0;31.192180156707764
