generations;average_fitness;best_fitness;time
0;23;11;8.212387323379517
1;21;10;15.41849160194397
2;20;9;24.03056001663208
3;19;9;31.356840133666992
4;18;8;40.37001132965088
5;17;8;48.052178621292114
6;17;7;56.934489488601685
7;16;7;64.40635251998901
8;15;5;73.3430552482605
9;14;5;80.81224513053894
10;13;3;89.55194664001465
11;13;3;97.01152062416077
12;12;2;105.7081310749054
13;11;2;113.43177223205566
14;10;0;122.01574420928955
