generations;average_fitness;best_fitness;time
0;18;7;8.144466161727905
1;17;6;15.112266302108765
2;16;6;23.616746187210083
3;15;6;30.563136100769043
4;14;5;38.651222705841064
5;13;5;46.08837842941284
6;13;4;55.13849353790283
7;12;4;62.84764647483826
8;11;3;71.65526747703552
9;11;3;79.28010559082031
10;10;2;88.26947140693665
11;9;2;95.62811255455017
12;9;0;104.3215754032135
