generations;average_fitness;best_fitness;time
0;15;5;7.715195655822754
1;14;5;15.040735244750977
2;12;4;23.6512553691864
3;11;2;30.741041898727417
4;10;0;39.299745321273804
