generations;average_fitness;best_fitness;time
0;23;8;7.711609125137329
1;21;8;14.748333930969238
2;20;8;23.53117537498474
3;19;8;30.87696123123169
4;18;6;39.79797029495239
5;17;6;47.19544816017151
6;17;6;56.03137564659119
7;16;6;63.34046530723572
8;15;6;71.92006134986877
9;14;5;79.69586515426636
10;14;3;88.73623394966125
11;13;2;96.27091693878174
12;12;2;104.78908729553223
13;11;0;113.1981749534607
