generations;average_fitness;best_fitness;time
0;18;9;7.6910717487335205
1;17;6;14.70939826965332
2;16;6;23.319339752197266
3;15;6;30.695971727371216
4;14;5;39.2415235042572
5;13;4;46.811710357666016
6;13;4;55.462390661239624
7;12;3;63.04166889190674
8;11;3;71.59852886199951
9;10;2;78.99827790260315
10;10;0;87.67107152938843
