generations;average_fitness;best_fitness;time
0;15;5;10.240716457366943
1;14;5;17.507182598114014
2;12;2;26.90992760658264
3;11;0;34.56599283218384
