generations;average_fitness;best_fitness;time
0;23;11;8.387383937835693
1;21;10;15.532002925872803
2;20;10;24.39538264274597
3;19;10;31.534993648529053
4;18;8;39.94416379928589
5;17;8;47.13099217414856
6;17;6;56.94738245010376
7;16;6;65.02606129646301
8;15;4;74.44832348823547
9;14;2;82.28399348258972
10;14;2;91.01110982894897
11;13;2;98.47114253044128
12;12;2;106.93615698814392
13;12;2;114.27238130569458
14;11;0;122.97928500175476
