generations;average_fitness;best_fitness;time
0;18;8;8.4839768409729
1;17;7;15.842456340789795
2;16;7;24.43413233757019
3;15;6;31.641093492507935
4;14;6;40.464104890823364
5;13;4;48.00270366668701
6;13;4;56.83138346672058
7;12;4;64.5234022140503
8;11;4;73.36123776435852
9;11;3;80.8331778049469
10;10;2;90.00487399101257
11;9;0;97.35795450210571
