generations;average_fitness;best_fitness;time
0;15;5;6.577968597412109
1;14;4;12.155025243759155
2;12;3;18.10071086883545
3;11;2;23.858049631118774
4;10;0;29.875199794769287
