generations;average_fitness;best_fitness;time
0;23;10;6.273000240325928
1;21;10;11.881775140762329
2;20;10;17.827711582183838
3;19;10;23.68074345588684
4;18;6;29.649150371551514
5;17;6;35.42779779434204
6;16;6;41.38306403160095
7;16;6;46.978371381759644
8;15;6;53.78846764564514
9;15;5;59.755691051483154
10;14;5;65.45405912399292
11;13;3;70.95911860466003
12;13;2;76.63955020904541
13;12;2;82.1787383556366
14;11;2;95.09418392181396
15;11;0;109.22455406188965
