generations;average_fitness;best_fitness;time
0;18;9;6.957403898239136
1;17;8;12.792677879333496
2;16;6;18.862927198410034
3;15;6;24.385425090789795
4;14;6;30.315372467041016
5;13;5;36.19005990028381
6;13;5;41.93833637237549
7;12;4;48.79342460632324
8;11;2;55.007420778274536
9;11;2;60.9096405506134
10;10;0;66.84942841529846
