generations;average_fitness;best_fitness;time
0;15;5;7.856571197509766
1;14;5;13.275467157363892
2;12;5;19.41754412651062
3;11;2;25.13815999031067
4;10;0;30.988407611846924
