generations;average_fitness;best_fitness;time
0;23;12;6.638387203216553
1;21;12;11.88897156715393
2;20;10;17.41900134086609
3;19;9;22.672017335891724
4;18;7;28.19282841682434
5;17;5;33.57133388519287
6;17;5;39.29435896873474
7;16;5;44.62042737007141
8;15;5;50.43397855758667
9;14;4;55.80453038215637
10;14;3;61.77003002166748
11;13;3;67.45199394226074
12;12;2;73.74248003959656
13;11;0;80.56822633743286
