generations;average_fitness;best_fitness;time
0;19;6;6.8203582763671875
1;17;6;12.56113600730896
2;16;6;18.20326018333435
3;15;4;23.9288592338562
4;14;4;30.21413564682007
5;14;4;36.23830056190491
6;13;4;42.389634132385254
7;12;4;47.88285207748413
8;12;2;53.80828070640564
9;11;0;59.490174293518066
