generations;average_fitness;best_fitness;time
0;15;6;14.9104585647583
1;14;3;29.11185097694397
2;13;3;43.84469771385193
3;11;3;58.068103313446045
4;10;2;73.25686621665955
5;9;0;87.59012794494629
