generations;average_fitness;best_fitness;time
0;23;9;14.541643381118774
1;21;9;28.47445249557495
2;20;7;43.48537015914917
3;19;7;57.951435565948486
4;18;7;73.18841052055359
5;17;7;87.59214210510254
6;16;7;102.45214629173279
7;16;6;117.03743267059326
8;15;4;132.02282881736755
9;14;2;146.56306767463684
10;13;2;161.77941918373108
11;12;2;176.28357481956482
12;12;2;191.2104914188385
13;11;2;205.43318438529968
14;10;2;220.3648853302002
15;9;0;234.37475275993347
