generations;average_fitness;best_fitness;time
0;18;6;15.235777854919434
1;17;6;29.32322883605957
2;16;6;45.165117502212524
3;15;6;59.608317613601685
4;14;4;74.52355909347534
5;13;4;88.81572556495667
6;13;4;104.13076877593994
7;12;0;118.84950923919678
