generations;average_fitness;best_fitness;time
0;15;4;14.234646320343018
1;14;3;27.9440016746521
2;12;2;43.15927505493164
3;11;2;57.45834469795227
4;10;0;72.09324431419373
