generations;average_fitness;best_fitness;time
0;23;11;13.808980464935303
1;21;11;28.197968244552612
2;20;11;37.943211793899536
3;19;9;43.579413175582886
4;18;6;49.813374519348145
5;17;5;55.49093961715698
6;16;5;61.54724979400635
7;16;5;67.11424922943115
8;15;4;72.9897665977478
9;14;4;78.62908363342285
10;13;4;84.42129516601562
11;12;3;90.17246580123901
12;12;0;96.17278122901917
