generations;average_fitness;best_fitness;time
0;18;9;14.318615198135376
1;17;8;27.43392324447632
2;16;7;32.829100608825684
3;15;6;38.15863537788391
4;14;5;44.209378480911255
5;13;4;50.31813406944275
6;13;4;55.93086886405945
7;12;4;61.41166663169861
8;11;3;66.97535371780396
9;10;0;72.9271092414856
