generations;average_fitness;best_fitness;time
0;15;6;6.292559862136841
1;14;2;11.64241337776184
2;12;2;17.30601692199707
3;11;2;22.991276264190674
4;10;2;28.74770474433899
5;9;2;34.24481701850891
6;7;0;39.778745889663696
