generations;average_fitness;best_fitness;time
0;23;10;6.059839248657227
1;21;6;11.512074708938599
2;20;6;17.318055152893066
3;19;6;22.826712608337402
4;18;6;28.633642435073853
5;17;6;34.289727210998535
6;17;6;40.08310627937317
7;16;6;45.695189237594604
8;15;5;51.397340059280396
9;14;5;57.23611521720886
10;14;5;63.42812204360962
11;13;2;69.04505133628845
12;12;0;74.98950004577637
