generations;average_fitness;best_fitness;time
0;18;6;6.083405256271362
1;17;6;11.264323711395264
2;16;4;16.84978222846985
3;15;4;22.2011456489563
4;14;4;27.721543550491333
5;13;3;33.053707122802734
6;12;3;38.711488246917725
7;11;2;44.24491572380066
8;10;2;54.46774363517761
9;10;0;64.08646655082703
