generations;average_fitness;best_fitness;time
0;15;5;6.263502836227417
1;14;4;11.541780948638916
2;13;3;17.124293565750122
3;11;2;22.62460470199585
4;10;0;28.43133783340454
