generations;average_fitness;best_fitness;time
0;23;11;6.45097279548645
1;21;11;12.081530570983887
2;20;11;18.356683015823364
3;19;10;23.947197198867798
4;18;8;30.155858755111694
5;17;6;35.998363971710205
6;17;6;41.803539514541626
7;16;5;47.752936363220215
8;15;5;53.75704288482666
9;14;5;59.604193925857544
10;14;2;65.701171875
11;13;2;71.40015363693237
12;12;0;77.31774735450745
