generations;average_fitness;best_fitness;time
0;18;7;6.290993690490723
1;17;6;11.927027940750122
2;16;6;17.6381618976593
3;15;6;23.4880633354187
4;14;2;29.34394097328186
5;13;2;35.021637201309204
6;12;2;40.81009006500244
7;12;2;46.65590691566467
8;11;2;52.49086308479309
9;10;0;58.24899506568909
